ID,Category,Dispel,Mechanic,Attributes,AttributesEx,AttributesEx2,AttributesEx3,AttributesEx4,AttributesEx5,AttributesEx6,AttributesEx7,Stances,StancesNot,Targets,TargetCreatureType,RequiresSpellFocus,FacingCasterFlags,CasterAuraState,TargetAuraState,CasterAuraStateNot,TargetAuraStateNot,CasterAuraSpell,TargetAuraSpell,ExcludeCasterAuraSpell,ExcludeTargetAuraSpell,CastingTimeIndex,RecoveryTime,CategoryRecoveryTime,InterruptFlags,AuraInterruptFlags,ChannelInterruptFlags,ProcFlags,ProcChance,ProcCharges,MaxLevel,BaseLevel,SpellLevel,DurationIndex,PowerType,ManaCost,ManaCostPerlevel,ManaPerSecond,ManaPerSecondPerLevel,RangeIndex,Speed,ModalNextSpell,StackAmount,Totem1,Totem2,Reagent1,Reagent2,Reagent3,Reagent4,Reagent5,Reagent6,Reagent7,Reagent8,ReagentCount1,ReagentCount2,ReagentCount3,ReagentCount4,ReagentCount5,ReagentCount6,ReagentCount7,ReagentCount8,EquippedItemClass,EquippedItemSubClassMask,EquippedItemInventoryTypeMask,Effect1,Effect2,Effect3,EffectDieSides1,EffectDieSides2,EffectDieSides3,EffectRealPointsPerLevel1,EffectRealPointsPerLevel2,EffectRealPointsPerLevel3,EffectBasePoints1,EffectBasePoints2,EffectBasePoints3,EffectMechanic1,EffectMechanic2,EffectMechanic3,EffectImplicitTargetA1,EffectImplicitTargetA2,EffectImplicitTargetA3,EffectImplicitTargetB1,EffectImplicitTargetB2,EffectImplicitTargetB3,EffectRadiusIndex1,EffectRadiusIndex2,EffectRadiusIndex3,EffectApplyAuraName1,EffectApplyAuraName2,EffectApplyAuraName3,EffectAmplitude1,EffectAmplitude2,EffectAmplitude3,EffectMultipleValue1,EffectMultipleValue2,EffectMultipleValue3,EffectChainTarget1,EffectChainTarget2,EffectChainTarget3,EffectItemType1,EffectItemType2,EffectItemType3,EffectMiscValue1,EffectMiscValue2,EffectMiscValue3,EffectMiscValueB1,EffectMiscValueB2,EffectMiscValueB3,EffectTriggerSpell1,EffectTriggerSpell2,EffectTriggerSpell3,EffectPointsPerComboPoint1,EffectPointsPerComboPoint2,EffectPointsPerComboPoint3,EffectSpellClassMaskA1,EffectSpellClassMaskA2,EffectSpellClassMaskA3,EffectSpellClassMaskB1,EffectSpellClassMaskB2,EffectSpellClassMaskB3,EffectSpellClassMaskC1,EffectSpellClassMaskC2,EffectSpellClassMaskC3,SpellVisual1,SpellVisual2,SpellIconID,ActiveIconID,SpellPriority,SpellName,SpellName2,SpellName3,SpellName4,SpellName5,SpellName6,SpellName7,SpellName8,SpellName9,SpellName10,SpellName11,SpellName12,SpellName13,SpellName14,SpellName15,SpellName16,SpellNameFlag,Rank,Rank2,Rank3,Rank4,Rank5,Rank6,Rank7,Rank8,Rank9,Rank10,Rank11,Rank12,Rank13,Rank14,Rank15,Rank16,RankFlags,Description,Description2,Description3,Description4,Description5,Description6,Description7,Description8,Description9,Description10,Description11,Description12,Description13,Description14,Description15,Description16,DescriptionFlags,ToolTip,ToolTip2,ToolTip3,ToolTip4,ToolTip5,ToolTip6,ToolTip7,ToolTip8,ToolTip9,ToolTip10,ToolTip11,ToolTip12,ToolTip13,ToolTip14,ToolTip15,ToolTip16,ToolTipFlags,ManaCostPercentage,StartRecoveryCategory,StartRecoveryTime,MaxTargetLevel,SpellFamilyName,SpellFamilyFlags,SpellFamilyFlags2,MaxAffectedTargets,DmgClass,PreventionType,StanceBarOrder,EffectDamageMultiplier1,EffectDamageMultiplier2,EffectDamageMultiplier3,MinFactionId,MinReputation,RequiredAuraVision,TotemCategory1,TotemCategory2,AreaGroupId,SchoolMask,RuneCostID,SpellMissileID,PowerDisplayId,EffectBonusMultiplier1,EffectBonusMultiplier2,EffectBonusMultiplier3,SpellDescriptionVariableID,SpellDifficultyId
# ============================================================================
# CUSTOM SPELLS - Starting at ID 100000 to avoid conflicts
# ============================================================================
# Example: Custom damage spell
100001,0,0,0,0,0,0,0,0,0,0,0,0,0,0,0,0,0,0,0,0,0,0,0,0,0,1,0,0,15,0,0,0,101,0,0,1,1,21,0,100,0,0,0,1,0,0,1,0,0,0,0,0,0,0,0,0,0,0,0,0,0,0,0,0,0,-1,0,0,2,0,0,50,0,0,0,0,0,499,0,0,0,0,0,6,0,0,0,0,0,0,0,0,0,0,0,0,0,0,0,0,0,0,0,0,0,0,0,0,0,0,0,0,0,0,0,0,0,0,0,0,0,0,0,0,0,0,0,0,0,0,0,0,0,1,2,1,Mythic Blast,,,,,,,,,,,,,,,,,0,Rank 1,,,,,,,,,,,,,,,,,0,Deals $s1 Fire damage to the target.,,,,,,,,,,,,,,,,,0,Deals $s1 Fire damage.,,,,,,,,,,,,,,,,,0,0,0,0,0,0,0,0,0,1,0,0,1,1,1,0,0,0,0,0,0,1,0,0,0,0,0,0,0
# Example: Custom buff spell (30 min stat increase)
100002,0,0,0,0,0,0,0,0,0,0,0,0,0,0,0,0,0,0,0,0,0,0,0,0,0,1,0,0,0,0,0,0,101,0,0,1,1,9,0,0,0,0,0,1,0,0,1,0,0,0,0,0,0,0,0,0,0,0,0,0,0,0,0,0,0,-1,0,0,6,0,0,0,0,0,0,0,0,99,0,0,0,0,0,1,0,0,0,0,0,0,0,0,29,0,0,0,0,0,0,0,0,0,0,0,0,0,0,100,0,0,0,0,0,0,0,0,0,0,0,0,0,0,0,0,0,0,0,0,0,0,0,0,0,0,0,0,0,0,1,3,1,Mythic Power,,,,,,,,,,,,,,,,,0,,,,,,,,,,,,,,,,,0,Increases all stats by $s1 for 30 min.,,,,,,,,,,,,,,,,,0,Increases all stats by $s1.,,,,,,,,,,,,,,,,,0,0,0,0,0,0,0,0,0,1,0,0,1,1,1,0,0,0,0,0,0,1,0,0,0,0,0,0,0
# Example: Custom healing spell
100003,0,0,0,0,0,0,0,0,0,0,0,0,0,0,0,0,0,0,0,0,0,0,0,0,0,14,0,0,15,0,0,0,101,0,0,1,1,21,0,150,0,0,0,1,0,0,1,0,0,0,0,0,0,0,0,0,0,0,0,0,0,0,0,0,0,-1,0,0,10,0,0,100,0,0,0,0,0,499,0,0,0,0,0,21,0,0,0,0,0,0,0,0,0,0,0,0,0,0,0,0,0,0,0,0,0,0,0,0,0,0,0,0,0,0,0,0,0,0,0,0,0,0,0,0,0,0,0,0,0,0,0,0,0,0,0,0,1,4,1,Mythic Heal,,,,,,,,,,,,,,,,,0,Rank 1,,,,,,,,,,,,,,,,,0,Heals the target for $s1 health.,,,,,,,,,,,,,,,,,0,Heals the target for $s1 health.,,,,,,,,,,,,,,,,,0,0,0,0,0,0,0,0,0,1,0,0,1,1,1,0,0,0,0,0,0,2,0,0,0,0,0,0,0
# Example: Custom DoT spell
100004,0,0,0,0,0,0,0,0,0,0,0,0,0,0,0,0,0,0,0,0,0,0,0,0,0,1,0,0,15,0,0,0,101,0,0,1,1,39,0,75,0,0,0,1,0,0,1,0,0,0,0,0,0,0,0,0,0,0,0,0,0,0,0,0,0,-1,0,0,6,0,0,0,0,0,0,0,0,49,0,0,0,0,0,6,0,0,0,0,0,0,0,0,3,0,0,3000,0,0,0,0,0,0,0,0,0,0,0,0,0,0,0,0,0,0,0,0,0,0,0,0,0,0,0,0,0,0,0,0,0,0,0,0,0,0,0,1,5,1,Mythic Corruption,,,,,,,,,,,,,,,,,0,,,,,,,,,,,,,,,,,0,Corrupts the target dealing $o1 Shadow damage over $d.,,,,,,,,,,,,,,,,,0,Deals $s1 Shadow damage every $t1 sec.,,,,,,,,,,,,,,,,,0,0,0,0,0,0,0,0,0,1,0,0,1,1,1,0,0,0,0,0,0,32,0,0,0,0,0,0,0
# Example: Custom proc spell (on hit effect)
100005,0,0,0,1024,0,0,0,0,0,0,0,0,0,0,0,0,0,0,0,0,0,0,0,0,0,1,0,0,0,0,0,20,15,0,0,80,80,0,0,0,0,0,0,0,0,0,0,0,0,0,0,0,0,0,0,0,0,0,0,0,0,0,0,0,0,-1,0,0,6,0,0,0,0,0,0,0,0,0,0,0,0,0,0,1,0,0,0,0,0,0,0,0,42,0,0,0,0,0,0,0,0,0,0,0,0,0,0,100006,0,0,0,0,0,0,0,0,0,0,0,0,0,0,0,0,0,0,0,0,0,0,0,0,0,0,0,0,0,0,1,6,1,Mythic Vengeance,,,,,,,,,,,,,,,,,0,,,,,,,,,,,,,,,,,0,Chance on hit to deal additional damage.,,,,,,,,,,,,,,,,,0,Chance to deal additional Fire damage on hit.,,,,,,,,,,,,,,,,,0,0,0,0,0,0,0,0,0,1,0,0,1,1,1,0,0,0,0,0,0,1,0,0,0,0,0,0,0
# Proc trigger spell for 100005
100006,0,0,0,0,0,0,0,0,0,0,0,0,0,0,0,0,0,0,0,0,0,0,0,0,0,1,0,0,0,0,0,0,101,0,0,80,80,0,0,0,0,0,0,1,0,0,0,0,0,0,0,0,0,0,0,0,0,0,0,0,0,0,0,0,0,-1,0,0,2,0,0,100,0,0,0,0,0,99,0,0,0,0,0,6,0,0,0,0,0,0,0,0,0,0,0,0,0,0,0,0,0,0,0,0,0,0,0,0,0,0,0,0,0,0,0,0,0,0,0,0,0,0,0,0,0,0,0,0,0,0,0,0,0,0,0,0,1,7,1,Vengeance Strike,,,,,,,,,,,,,,,,,0,,,,,,,,,,,,,,,,,0,Deals Fire damage.,,,,,,,,,,,,,,,,,0,Deals Fire damage.,,,,,,,,,,,,,,,,,0,0,0,0,0,0,0,0,0,1,0,0,1,1,1,0,0,0,0,0,0,1,0,0,0,0,0,0,0
